Defective,Country
Error Free,Phillippines
Error Free,Phillippines
Error Free,Phillippines
Error Free,Phillippines
Error Free,Phillippines
Error Free,Phillippines
Error Free,Phillippines
Error Free,Phillippines
Error Free,Phillippines
Error Free,Phillippines
Defective,Phillippines
Error Free,Phillippines
Error Free,Phillippines
Error Free,Phillippines
Error Free,Phillippines
Error Free,Phillippines
Error Free,Phillippines
Error Free,Phillippines
Error Free,Phillippines
Defective,Phillippines
Error Free,Phillippines
Error Free,Phillippines
Error Free,Phillippines
Defective,Phillippines
Error Free,Phillippines
Error Free,Phillippines
Error Free,Phillippines
Error Free,Phillippines
Error Free,Phillippines
Error Free,Phillippines
Error Free,Phillippines
Error Free,Phillippines
Error Free,Phillippines
Defective,Phillippines
Error Free,Phillippines
Error Free,Phillippines
Error Free,Phillippines
Error Free,Phillippines
Error Free,Phillippines
Defective,Phillippines
Error Free,Phillippines
Defective,Phillippines
Error Free,Phillippines
Error Free,Phillippines
Defective,Phillippines
Error Free,Phillippines
Error Free,Phillippines
Defective,Phillippines
Error Free,Phillippines
Error Free,Phillippines
Error Free,Phillippines
Error Free,Phillippines
Error Free,Phillippines
Error Free,Phillippines
Error Free,Phillippines
Error Free,Phillippines
Error Free,Phillippines
Error Free,Phillippines
Error Free,Phillippines
Defective,Phillippines
Error Free,Phillippines
Error Free,Phillippines
Error Free,Phillippines
Error Free,Phillippines
Error Free,Phillippines
Error Free,Phillippines
Error Free,Phillippines
Error Free,Phillippines
Error Free,Phillippines
Error Free,Phillippines
Error Free,Phillippines
Defective,Phillippines
Error Free,Phillippines
Error Free,Phillippines
Error Free,Phillippines
Error Free,Phillippines
Error Free,Phillippines
Defective,Phillippines
Defective,Phillippines
Error Free,Phillippines
Error Free,Phillippines
Error Free,Phillippines
Defective,Phillippines
Defective,Phillippines
Error Free,Phillippines
Error Free,Phillippines
Error Free,Phillippines
Error Free,Phillippines
Error Free,Phillippines
Defective,Phillippines
Error Free,Phillippines
Error Free,Phillippines
Error Free,Phillippines
Error Free,Phillippines
Error Free,Phillippines
Error Free,Phillippines
Error Free,Phillippines
Error Free,Phillippines
Defective,Phillippines
Error Free,Phillippines
Error Free,Phillippines
Defective,Phillippines
Defective,Phillippines
Defective,Phillippines
Error Free,Phillippines
Error Free,Phillippines
Error Free,Phillippines
Error Free,Phillippines
Error Free,Phillippines
Error Free,Phillippines
Error Free,Phillippines
Error Free,Phillippines
Error Free,Phillippines
Error Free,Phillippines
Error Free,Phillippines
Error Free,Phillippines
Error Free,Phillippines
Defective,Phillippines
Error Free,Phillippines
Error Free,Phillippines
Error Free,Phillippines
Error Free,Phillippines
Error Free,Phillippines
Error Free,Phillippines
Error Free,Phillippines
Error Free,Phillippines
Error Free,Phillippines
Error Free,Phillippines
Defective,Phillippines
Error Free,Phillippines
Error Free,Phillippines
Error Free,Phillippines
Error Free,Phillippines
Error Free,Phillippines
Error Free,Phillippines
Error Free,Phillippines
Error Free,Phillippines
Error Free,Phillippines
Error Free,Phillippines
Error Free,Phillippines
Error Free,Phillippines
Error Free,Phillippines
Defective,Phillippines
Error Free,Phillippines
Error Free,Phillippines
Error Free,Phillippines
Error Free,Phillippines
Error Free,Phillippines
Error Free,Phillippines
Error Free,Phillippines
Error Free,Phillippines
Error Free,Phillippines
Error Free,Phillippines
Error Free,Phillippines
Error Free,Phillippines
Error Free,Phillippines
Error Free,Phillippines
Error Free,Phillippines
Error Free,Phillippines
Error Free,Phillippines
Error Free,Phillippines
Error Free,Phillippines
Error Free,Phillippines
Error Free,Phillippines
Error Free,Phillippines
Defective,Phillippines
Error Free,Phillippines
Defective,Phillippines
Error Free,Phillippines
Error Free,Phillippines
Error Free,Phillippines
Error Free,Phillippines
Error Free,Phillippines
Error Free,Phillippines
Error Free,Phillippines
Error Free,Phillippines
Error Free,Phillippines
Error Free,Phillippines
Error Free,Phillippines
Error Free,Phillippines
Error Free,Phillippines
Error Free,Phillippines
Error Free,Phillippines
Error Free,Phillippines
Error Free,Phillippines
Defective,Phillippines
Error Free,Phillippines
Error Free,Phillippines
Error Free,Phillippines
Error Free,Phillippines
Error Free,Phillippines
Error Free,Phillippines
Error Free,Phillippines
Error Free,Phillippines
Error Free,Phillippines
Error Free,Phillippines
Error Free,Phillippines
Error Free,Phillippines
Error Free,Phillippines
Error Free,Phillippines
Error Free,Phillippines
Error Free,Phillippines
Error Free,Phillippines
Error Free,Phillippines
Error Free,Phillippines
Error Free,Phillippines
Error Free,Phillippines
Error Free,Phillippines
Error Free,Phillippines
Error Free,Phillippines
Error Free,Phillippines
Error Free,Phillippines
Error Free,Phillippines
Error Free,Phillippines
Error Free,Phillippines
Error Free,Phillippines
Error Free,Phillippines
Error Free,Phillippines
Error Free,Phillippines
Error Free,Phillippines
Error Free,Phillippines
Error Free,Phillippines
Defective,Phillippines
Error Free,Phillippines
Defective,Phillippines
Error Free,Phillippines
Error Free,Phillippines
Error Free,Phillippines
Error Free,Phillippines
Error Free,Phillippines
Error Free,Phillippines
Error Free,Phillippines
Error Free,Phillippines
Error Free,Phillippines
Error Free,Phillippines
Error Free,Phillippines
Error Free,Phillippines
Error Free,Phillippines
Error Free,Phillippines
Error Free,Phillippines
Error Free,Phillippines
Error Free,Phillippines
Error Free,Phillippines
Error Free,Phillippines
Error Free,Phillippines
Error Free,Phillippines
Error Free,Phillippines
Error Free,Phillippines
Error Free,Phillippines
Error Free,Phillippines
Error Free,Phillippines
Error Free,Phillippines
Error Free,Phillippines
Error Free,Phillippines
Error Free,Phillippines
Error Free,Phillippines
Error Free,Phillippines
Error Free,Phillippines
Error Free,Phillippines
Error Free,Phillippines
Error Free,Phillippines
Error Free,Phillippines
Error Free,Phillippines
Error Free,Phillippines
Error Free,Phillippines
Error Free,Phillippines
Error Free,Phillippines
Error Free,Phillippines
Error Free,Phillippines
Error Free,Phillippines
Error Free,Phillippines
Error Free,Phillippines
Error Free,Phillippines
Error Free,Phillippines
Error Free,Phillippines
Error Free,Phillippines
Error Free,Phillippines
Error Free,Phillippines
Error Free,Phillippines
Error Free,Phillippines
Error Free,Phillippines
Error Free,Phillippines
Error Free,Phillippines
Error Free,Phillippines
Error Free,Phillippines
Error Free,Phillippines
Error Free,Phillippines
Error Free,Phillippines
Error Free,Phillippines
Defective,Phillippines
Error Free,Phillippines
Defective,Phillippines
Error Free,Phillippines
Error Free,Phillippines
Error Free,Phillippines
Error Free,Phillippines
Error Free,Phillippines
Error Free,Phillippines
Error Free,Phillippines
Error Free,Phillippines
Error Free,Indonesia
Error Free,Indonesia
Defective,Indonesia
Error Free,Indonesia
Error Free,Indonesia
Error Free,Indonesia
Defective,Indonesia
Error Free,Indonesia
Error Free,Indonesia
Error Free,Indonesia
Error Free,Indonesia
Error Free,Indonesia
Error Free,Indonesia
Error Free,Indonesia
Error Free,Indonesia
Error Free,Indonesia
Error Free,Indonesia
Error Free,Indonesia
Error Free,Indonesia
Error Free,Indonesia
Error Free,Indonesia
Error Free,Indonesia
Error Free,Indonesia
Error Free,Indonesia
Error Free,Indonesia
Error Free,Indonesia
Error Free,Indonesia
Error Free,Indonesia
Error Free,Indonesia
Error Free,Indonesia
Error Free,Indonesia
Error Free,Indonesia
Error Free,Indonesia
Error Free,Indonesia
Error Free,Indonesia
Error Free,Indonesia
Error Free,Indonesia
Error Free,Indonesia
Error Free,Indonesia
Error Free,Indonesia
Error Free,Indonesia
Error Free,Indonesia
Error Free,Indonesia
Error Free,Indonesia
Error Free,Indonesia
Error Free,Indonesia
Error Free,Indonesia
Error Free,Indonesia
Error Free,Indonesia
Error Free,Indonesia
Error Free,Indonesia
Defective,Indonesia
Error Free,Indonesia
Error Free,Indonesia
Error Free,Indonesia
Error Free,Indonesia
Error Free,Indonesia
Error Free,Indonesia
Error Free,Indonesia
Error Free,Indonesia
Error Free,Indonesia
Error Free,Indonesia
Error Free,Indonesia
Error Free,Indonesia
Error Free,Indonesia
Error Free,Indonesia
Error Free,Indonesia
Error Free,Indonesia
Defective,Indonesia
Error Free,Indonesia
Error Free,Indonesia
Defective,Indonesia
Error Free,Indonesia
Error Free,Indonesia
Error Free,Indonesia
Error Free,Indonesia
Error Free,Indonesia
Error Free,Indonesia
Error Free,Indonesia
Error Free,Indonesia
Error Free,Indonesia
Error Free,Indonesia
Error Free,Indonesia
Error Free,Indonesia
Error Free,Indonesia
Error Free,Indonesia
Error Free,Indonesia
Error Free,Indonesia
Error Free,Indonesia
Defective,Indonesia
Error Free,Indonesia
Error Free,Indonesia
Error Free,Indonesia
Error Free,Indonesia
Error Free,Indonesia
Error Free,Indonesia
Defective,Indonesia
Error Free,Indonesia
Error Free,Indonesia
Error Free,Indonesia
Error Free,Indonesia
Error Free,Indonesia
Error Free,Indonesia
Error Free,Indonesia
Error Free,Indonesia
Error Free,Indonesia
Error Free,Indonesia
Error Free,Indonesia
Error Free,Indonesia
Defective,Indonesia
Error Free,Indonesia
Error Free,Indonesia
Error Free,Indonesia
Error Free,Indonesia
Defective,Indonesia
Error Free,Indonesia
Error Free,Indonesia
Error Free,Indonesia
Error Free,Indonesia
Error Free,Indonesia
Error Free,Indonesia
Error Free,Indonesia
Error Free,Indonesia
Error Free,Indonesia
Error Free,Indonesia
Error Free,Indonesia
Defective,Indonesia
Error Free,Indonesia
Error Free,Indonesia
Error Free,Indonesia
Error Free,Indonesia
Error Free,Indonesia
Error Free,Indonesia
Error Free,Indonesia
Error Free,Indonesia
Error Free,Indonesia
Error Free,Indonesia
Error Free,Indonesia
Defective,Indonesia
Defective,Indonesia
Error Free,Indonesia
Error Free,Indonesia
Error Free,Indonesia
Error Free,Indonesia
Error Free,Indonesia
Error Free,Indonesia
Error Free,Indonesia
Error Free,Indonesia
Error Free,Indonesia
Error Free,Indonesia
Defective,Indonesia
Error Free,Indonesia
Error Free,Indonesia
Error Free,Indonesia
Error Free,Indonesia
Error Free,Indonesia
Error Free,Indonesia
Error Free,Indonesia
Error Free,Indonesia
Defective,Indonesia
Error Free,Indonesia
Error Free,Indonesia
Error Free,Indonesia
Error Free,Indonesia
Error Free,Indonesia
Error Free,Indonesia
Error Free,Indonesia
Error Free,Indonesia
Defective,Indonesia
Error Free,Indonesia
Defective,Indonesia
Error Free,Indonesia
Error Free,Indonesia
Error Free,Indonesia
Error Free,Indonesia
Defective,Indonesia
Error Free,Indonesia
Error Free,Indonesia
Error Free,Indonesia
Defective,Indonesia
Error Free,Indonesia
Error Free,Indonesia
Error Free,Indonesia
Defective,Indonesia
Error Free,Indonesia
Error Free,Indonesia
Defective,Indonesia
Error Free,Indonesia
Error Free,Indonesia
Error Free,Indonesia
Error Free,Indonesia
Error Free,Indonesia
Error Free,Indonesia
Error Free,Indonesia
Error Free,Indonesia
Error Free,Indonesia
Error Free,Indonesia
Error Free,Indonesia
Defective,Indonesia
Error Free,Indonesia
Error Free,Indonesia
Error Free,Indonesia
Error Free,Indonesia
Error Free,Indonesia
Error Free,Indonesia
Error Free,Indonesia
Error Free,Indonesia
Defective,Indonesia
Error Free,Indonesia
Error Free,Indonesia
Error Free,Indonesia
Error Free,Indonesia
Error Free,Indonesia
Error Free,Indonesia
Error Free,Indonesia
Error Free,Indonesia
Defective,Indonesia
Error Free,Indonesia
Error Free,Indonesia
Error Free,Indonesia
Error Free,Indonesia
Error Free,Indonesia
Error Free,Indonesia
Error Free,Indonesia
Error Free,Indonesia
Defective,Indonesia
Error Free,Indonesia
Error Free,Indonesia
Error Free,Indonesia
Error Free,Indonesia
Error Free,Indonesia
Error Free,Indonesia
Error Free,Indonesia
Error Free,Indonesia
Defective,Indonesia
Error Free,Indonesia
Error Free,Indonesia
Error Free,Indonesia
Error Free,Indonesia
Error Free,Indonesia
Error Free,Indonesia
Error Free,Indonesia
Error Free,Indonesia
Defective,Indonesia
Error Free,Indonesia
Error Free,Indonesia
Error Free,Indonesia
Error Free,Indonesia
Error Free,Indonesia
Error Free,Indonesia
Error Free,Indonesia
Error Free,Indonesia
Error Free,Indonesia
Defective,Indonesia
Error Free,Indonesia
Error Free,Indonesia
Error Free,Indonesia
Error Free,Indonesia
Error Free,Indonesia
Error Free,Indonesia
Error Free,Indonesia
Defective,Indonesia
Error Free,Indonesia
Error Free,Indonesia
Error Free,Indonesia
Error Free,Indonesia
Error Free,Indonesia
Error Free,Indonesia
Error Free,Indonesia
Error Free,Indonesia
Error Free,Indonesia
Error Free,Indonesia
Error Free,Indonesia
Error Free,Indonesia
Defective,Indonesia
Error Free,Indonesia
Error Free,Indonesia
Error Free,Indonesia
Error Free,Indonesia
Error Free,Indonesia
Error Free,Indonesia
Error Free,Indonesia
Error Free,Indonesia
Defective,Indonesia
Error Free,Indonesia
Error Free,Indonesia
Error Free,Indonesia
Error Free,Indonesia
Error Free,Indonesia
Error Free,Indonesia
Error Free,Indonesia
Error Free,Indonesia
Defective,Indonesia
Error Free,Indonesia
Defective,Indonesia
Error Free,Indonesia
Error Free,Indonesia
Error Free,Indonesia
Error Free,Indonesia
Defective,Indonesia
Defective,Malta
Error Free,Malta
Defective,Malta
Error Free,Malta
Defective,Malta
Error Free,Malta
Error Free,Malta
Error Free,Malta
Error Free,Malta
Error Free,Malta
Error Free,Malta
Error Free,Malta
Error Free,Malta
Error Free,Malta
Error Free,Malta
Defective,Malta
Error Free,Malta
Error Free,Malta
Error Free,Malta
Error Free,Malta
Error Free,Malta
Defective,Malta
Error Free,Malta
Error Free,Malta
Error Free,Malta
Error Free,Malta
Error Free,Malta
Error Free,Malta
Error Free,Malta
Error Free,Malta
Error Free,Malta
Error Free,Malta
Error Free,Malta
Error Free,Malta
Error Free,Malta
Error Free,Malta
Error Free,Malta
Defective,Malta
Error Free,Malta
Defective,Malta
Error Free,Malta
Error Free,Malta
Error Free,Malta
Error Free,Malta
Defective,Malta
Error Free,Malta
Error Free,Malta
Error Free,Malta
Error Free,Malta
Error Free,Malta
Error Free,Malta
Error Free,Malta
Error Free,Malta
Error Free,Malta
Error Free,Malta
Error Free,Malta
Error Free,Malta
Error Free,Malta
Error Free,Malta
Error Free,Malta
Error Free,Malta
Error Free,Malta
Error Free,Malta
Error Free,Malta
Error Free,Malta
Error Free,Malta
Defective,Malta
Error Free,Malta
Error Free,Malta
Error Free,Malta
Error Free,Malta
Error Free,Malta
Error Free,Malta
Defective,Malta
Error Free,Malta
Defective,Malta
Error Free,Malta
Error Free,Malta
Error Free,Malta
Error Free,Malta
Error Free,Malta
Error Free,Malta
Error Free,Malta
Error Free,Malta
Error Free,Malta
Defective,Malta
Error Free,Malta
Defective,Malta
Defective,Malta
Error Free,Malta
Error Free,Malta
Error Free,Malta
Error Free,Malta
Error Free,Malta
Error Free,Malta
Error Free,Malta
Error Free,Malta
Error Free,Malta
Error Free,Malta
Defective,Malta
Error Free,Malta
Defective,Malta
Error Free,Malta
Error Free,Malta
Error Free,Malta
Error Free,Malta
Error Free,Malta
Error Free,Malta
Error Free,Malta
Error Free,Malta
Error Free,Malta
Error Free,Malta
Error Free,Malta
Error Free,Malta
Error Free,Malta
Error Free,Malta
Error Free,Malta
Error Free,Malta
Error Free,Malta
Error Free,Malta
Error Free,Malta
Error Free,Malta
Defective,Malta
Error Free,Malta
Error Free,Malta
Error Free,Malta
Error Free,Malta
Error Free,Malta
Error Free,Malta
Error Free,Malta
Error Free,Malta
Error Free,Malta
Error Free,Malta
Error Free,Malta
Error Free,Malta
Error Free,Malta
Error Free,Malta
Error Free,Malta
Error Free,Malta
Error Free,Malta
Error Free,Malta
Error Free,Malta
Defective,Malta
Error Free,Malta
Error Free,Malta
Error Free,Malta
Error Free,Malta
Error Free,Malta
Error Free,Malta
Error Free,Malta
Defective,Malta
Error Free,Malta
Error Free,Malta
Error Free,Malta
Error Free,Malta
Error Free,Malta
Error Free,Malta
Error Free,Malta
Error Free,Malta
Error Free,Malta
Error Free,Malta
Error Free,Malta
Error Free,Malta
Error Free,Malta
Defective,Malta
Error Free,Malta
Error Free,Malta
Error Free,Malta
Error Free,Malta
Error Free,Malta
Error Free,Malta
Error Free,Malta
Error Free,Malta
Defective,Malta
Error Free,Malta
Defective,Malta
Error Free,Malta
Error Free,Malta
Error Free,Malta
Error Free,Malta
Error Free,Malta
Error Free,Malta
Error Free,Malta
Error Free,Malta
Error Free,Malta
Error Free,Malta
Error Free,Malta
Error Free,Malta
Error Free,Malta
Error Free,Malta
Error Free,Malta
Error Free,Malta
Error Free,Malta
Error Free,Malta
Error Free,Malta
Error Free,Malta
Error Free,Malta
Error Free,Malta
Error Free,Malta
Error Free,Malta
Error Free,Malta
Error Free,Malta
Error Free,Malta
Error Free,Malta
Error Free,Malta
Error Free,Malta
Error Free,Malta
Defective,Malta
Error Free,Malta
Error Free,Malta
Error Free,Malta
Error Free,Malta
Error Free,Malta
Error Free,Malta
Error Free,Malta
Error Free,Malta
Error Free,Malta
Error Free,Malta
Error Free,Malta
Error Free,Malta
Error Free,Malta
Defective,Malta
Error Free,Malta
Error Free,Malta
Error Free,Malta
Error Free,Malta
Error Free,Malta
Error Free,Malta
Error Free,Malta
Error Free,Malta
Error Free,Malta
Error Free,Malta
Error Free,Malta
Error Free,Malta
Defective,Malta
Error Free,Malta
Error Free,Malta
Error Free,Malta
Error Free,Malta
Error Free,Malta
Error Free,Malta
Error Free,Malta
Error Free,Malta
Error Free,Malta
Error Free,Malta
Error Free,Malta
Error Free,Malta
Error Free,Malta
Error Free,Malta
Error Free,Malta
Error Free,Malta
Error Free,Malta
Error Free,Malta
Defective,Malta
Error Free,Malta
Error Free,Malta
Error Free,Malta
Error Free,Malta
Error Free,Malta
Error Free,Malta
Error Free,Malta
Defective,Malta
Error Free,Malta
Error Free,Malta
Error Free,Malta
Error Free,Malta
Error Free,Malta
Error Free,Malta
Error Free,Malta
Error Free,Malta
Error Free,Malta
Error Free,Malta
Error Free,Malta
Error Free,Malta
Defective,Malta
Error Free,Malta
Error Free,Malta
Error Free,Malta
Error Free,Malta
Error Free,Malta
Error Free,Malta
Error Free,Malta
Error Free,Malta
Error Free,Malta
Error Free,Malta
Error Free,Malta
Error Free,Malta
Error Free,Malta
Defective,Malta
Error Free,Malta
Error Free,Malta
Error Free,Malta
Error Free,Malta
Error Free,Malta
Error Free,Malta
Error Free,Malta
Error Free,Malta
Defective,Malta
Error Free,Malta
Defective,Malta
Error Free,India
Defective,India
Error Free,India
Error Free,India
Error Free,India
Error Free,India
Error Free,India
Error Free,India
Error Free,India
Error Free,India
Error Free,India
Error Free,India
Defective,India
Error Free,India
Error Free,India
Error Free,India
Error Free,India
Error Free,India
Error Free,India
Defective,India
Error Free,India
Error Free,India
Error Free,India
Error Free,India
Error Free,India
Error Free,India
Error Free,India
Error Free,India
Error Free,India
Error Free,India
Error Free,India
Defective,India
Error Free,India
Error Free,India
Error Free,India
Error Free,India
Error Free,India
Error Free,India
Error Free,India
Error Free,India
Error Free,India
Error Free,India
Error Free,India
Error Free,India
Error Free,India
Error Free,India
Error Free,India
Error Free,India
Error Free,India
Defective,India
Error Free,India
Error Free,India
Error Free,India
Error Free,India
Error Free,India
Error Free,India
Error Free,India
Error Free,India
Error Free,India
Error Free,India
Defective,India
Error Free,India
Error Free,India
Error Free,India
Error Free,India
Error Free,India
Error Free,India
Error Free,India
Error Free,India
Error Free,India
Error Free,India
Error Free,India
Error Free,India
Error Free,India
Error Free,India
Error Free,India
Error Free,India
Error Free,India
Defective,India
Error Free,India
Error Free,India
Defective,India
Error Free,India
Error Free,India
Error Free,India
Error Free,India
Error Free,India
Error Free,India
Error Free,India
Error Free,India
Error Free,India
Error Free,India
Error Free,India
Error Free,India
Error Free,India
Error Free,India
Error Free,India
Error Free,India
Error Free,India
Error Free,India
Error Free,India
Error Free,India
Error Free,India
Error Free,India
Error Free,India
Error Free,India
Error Free,India
Error Free,India
Error Free,India
Error Free,India
Error Free,India
Error Free,India
Error Free,India
Error Free,India
Error Free,India
Error Free,India
Error Free,India
Error Free,India
Error Free,India
Error Free,India
Error Free,India
Error Free,India
Error Free,India
Error Free,India
Error Free,India
Error Free,India
Error Free,India
Error Free,India
Error Free,India
Error Free,India
Error Free,India
Error Free,India
Error Free,India
Error Free,India
Error Free,India
Error Free,India
Error Free,India
Defective,India
Defective,India
Error Free,India
Error Free,India
Error Free,India
Error Free,India
Error Free,India
Error Free,India
Error Free,India
Error Free,India
Error Free,India
Error Free,India
Error Free,India
Error Free,India
Error Free,India
Error Free,India
Error Free,India
Error Free,India
Error Free,India
Error Free,India
Error Free,India
Error Free,India
Error Free,India
Error Free,India
Defective,India
Error Free,India
Error Free,India
Error Free,India
Error Free,India
Error Free,India
Error Free,India
Error Free,India
Error Free,India
Error Free,India
Error Free,India
Error Free,India
Error Free,India
Error Free,India
Error Free,India
Error Free,India
Defective,India
Defective,India
Error Free,India
Error Free,India
Error Free,India
Error Free,India
Defective,India
Defective,India
Error Free,India
Error Free,India
Defective,India
Error Free,India
Error Free,India
Error Free,India
Error Free,India
Error Free,India
Error Free,India
Error Free,India
Error Free,India
Error Free,India
Defective,India
Error Free,India
Error Free,India
Error Free,India
Error Free,India
Error Free,India
Error Free,India
Error Free,India
Error Free,India
Error Free,India
Error Free,India
Error Free,India
Error Free,India
Error Free,India
Error Free,India
Error Free,India
Error Free,India
Error Free,India
Error Free,India
Error Free,India
Error Free,India
Defective,India
Error Free,India
Error Free,India
Error Free,India
Error Free,India
Error Free,India
Error Free,India
Error Free,India
Error Free,India
Error Free,India
Error Free,India
Error Free,India
Error Free,India
Error Free,India
Error Free,India
Error Free,India
Error Free,India
Error Free,India
Error Free,India
Error Free,India
Error Free,India
Error Free,India
Error Free,India
Error Free,India
Error Free,India
Error Free,India
Error Free,India
Defective,India
Error Free,India
Error Free,India
Error Free,India
Error Free,India
Error Free,India
Error Free,India
Error Free,India
Error Free,India
Error Free,India
Error Free,India
Error Free,India
Error Free,India
Error Free,India
Error Free,India
Error Free,India
Error Free,India
Error Free,India
Error Free,India
Error Free,India
Error Free,India
Error Free,India
Error Free,India
Error Free,India
Error Free,India
Error Free,India
Error Free,India
Error Free,India
Error Free,India
Error Free,India
Error Free,India
Error Free,India
Error Free,India
Error Free,India
Error Free,India
Error Free,India
Error Free,India
Error Free,India
Error Free,India
Error Free,India
Defective,India
Error Free,India
Error Free,India
Error Free,India
Error Free,India
Error Free,India
Error Free,India
Error Free,India
Error Free,India
Error Free,India
Error Free,India
Error Free,India
Error Free,India
Error Free,India
Error Free,India
